date,equal_weight_return,sentiment_weight_return,equal_weight_cumulative,sentiment_weight_cumulative
2021-09-30,0.0,0.0,1.0,1.0
2021-10-01,0.008678454996495517,0.008250523733215803,1.0086784549964956,1.0082505237332158
2021-10-04,-0.02067096442697244,-0.020250797915749724,0.9878280985350094,0.9878326461286456
2021-10-05,0.014089199407519196,0.014125609195124865,1.0017458055956197,1.001786384038045
2021-10-06,0.008237823451908384,0.00810007028755972,1.0099980106858062,1.0099009241618735
2021-10-07,0.014499067720415633,0.014841942093965839,1.0246420402402248,1.0248898151989265
2021-10-08,-0.0032614796518325518,-0.003462623429287133,1.021300191075569,1.021341007712381
2021-10-11,-0.002833114422942944,-0.0034557339019428497,1.0184067307740785,1.017811524966585
2021-10-12,0.0027617107630678516,0.003248792127883164,1.021219275603638,1.0211181830365652
2021-10-13,0.009854745498700428,0.011651112931635772,1.031283131663079,1.0330153463036709
2021-10-14,0.012573908038993468,0.013303436780328725,1.0442503909227758,1.046758000656331
2021-10-15,0.011110542463838595,0.01212070529921785,1.0558525792340034,1.059445445901885
2021-10-18,0.0102436555280976,0.01120432425372969,1.06666836934413,1.0713158162069067
2021-10-19,0.005599947314505472,0.0051269637729163785,1.0726416560145065,1.076808413585952
2021-10-20,-0.0020299327523164035,-0.002179120652300107,1.0704642655854637,1.0744619181333364
2021-10-21,0.007334405550472704,0.009215187331152343,1.0783154846365564,1.0843632859891243
2021-10-22,-0.0093855694195006,-0.00930196368204815,1.0681948797993774,1.074276578084707
2021-10-25,0.01642113781444636,0.018880749484751953,1.085735855133249,1.094559725032861
2021-10-26,-0.005716378736288333,-0.006829023377622011,1.0795293777777395,1.0870849510824079
2021-10-27,0.005929037318963676,0.005427644626154108,1.0859299477455016,1.0929852618753233
2021-10-28,0.012378674584019025,0.012459422164411824,1.099372321189684,1.1066032266725083
2021-10-29,0.0031128705769553964,0.003551384321950827,1.1027945249414346,1.1105332000223331
2021-11-01,0.010614618575283223,0.011965515382487826,1.1145002681905984,1.1238213021099637
2021-11-02,0.0024120516462373663,0.003308670345606002,1.1171885003972195,1.1275396563260152
2021-11-03,0.008478885898676873,0.008300276368880345,1.1266610142194013,1.1368985470903936
2021-11-04,0.012003555328840043,0.012736423384568658,1.140184952040431,1.1513785683314377
2021-11-05,0.0012742768382523917,0.002516164433150882,1.14163786331614,1.1542756261341653
2021-11-08,0.007962493158005108,0.00843233464949918,1.1507281469917143,1.1640088644914888
2021-11-09,-0.012210330349971744,-0.012123201041387973,1.1366773761739346,1.1498973510133008
2021-11-10,-0.01605460993831197,-0.015895274545575537,1.118428464273758,1.1316194169197145
2021-11-11,0.010118324673648784,0.011743588748078453,1.1297450865995302,1.1449086899713599
2021-11-12,0.009051771111757067,0.009698594507566709,1.1399712805380613,1.1560126951035814
2021-11-15,-0.0011767427642268937,-0.0007582414079654498,1.1386298275822617,1.1551361584100202
2021-11-16,0.0074380532282038204,0.00745769081233449,1.1470990168470392,1.16375080672559
2021-11-17,-0.0017069642388391588,-0.0012212309096757583,1.1451409598468736,1.1623295982692565
2021-11-18,0.0006488035075027079,0.0008194036608623878,1.1458839313182072,1.163282015397207
2021-11-19,0.0003367908346358119,0.00025271980617892824,1.1462698545238317,1.1635759998026698
2021-11-22,-0.0016572778030253476,-0.000684941284762722,1.1443701669376523,1.1627790185624458
2021-11-23,-0.004409619006331383,-0.003365867686328405,1.1393239304992453,1.1588652582375258
2021-11-24,0.0072893817372610605,0.007232836669320199,1.147628897551051,1.1672471413721075
2021-11-26,-0.02283775502651722,-0.02177024862057648,1.121419629927428,1.1418358809027795
2021-11-29,0.018351089270903696,0.01993913220520064,1.14199890166637,1.1646030974887418
2021-11-30,-0.018262919042129903,-0.017430537331708,1.1211426681790357,1.1443034397213416
2021-12-01,-0.026714845322803188,-0.027248537030025426,1.0911915152138378,1.1131228450705093
2021-12-02,0.009620578900028624,0.009805353536900083,1.1016894092809943,1.1240374080964257
2021-12-03,-0.02521307072958918,-0.025932898326772154,1.0739124362827532,1.0948878602767727
2021-12-06,0.005960070665586436,0.0009275272607388151,1.0803130302916506,1.0959033986146314
2021-12-07,0.025688529110512684,0.02571654154739959,1.108064683018764,1.124086243897041
2021-12-08,0.007299131089033875,0.007119783541441174,1.1161525923952467,1.1320894946354996
2021-12-09,-0.016878798128205877,-0.016996168053029594,1.0973132781079336,1.1128483113336052
2021-12-10,0.011002517012742772,0.011336950063930812,1.1093864861186247,1.1254646170679241
2021-12-13,-0.012537803835495388,-0.011477322146440762,1.0954772159779198,1.112547297093415
2021-12-14,-0.014543870333940459,-0.011991215097966747,1.079544737394951,1.0992065031473064
2021-12-15,0.01617282409263714,0.016346887345782105,1.0970040245329715,1.1171751080240067
2021-12-16,-0.01936723214003446,-0.019119341090405566,1.0757580929312893,1.095815456075985
2021-12-17,-0.004259464328645667,-0.005147841060475684,1.0711759397081966,1.0901743722764932
2021-12-20,-0.017922876388199508,-0.0198078591352062,1.051977385750793,1.0685803518776285
2021-12-21,0.03023191655291405,0.030435308419361387,1.0837806782923638,1.1011029244578938
2021-12-22,0.014288528853481797,0.01387848084797117,1.0992663097849902,1.1163845603066278
2021-12-23,0.008061140984200889,0.008120003705557693,1.1081276504873492,1.125449607073145
2021-12-27,0.011188320661498892,0.010971743135513069,1.120525737974875,1.1377977510739155
2021-12-28,-0.003859812222371452,-0.003797993150624974,1.1162007190359577,1.1334764030085402
2021-12-29,-0.006974237924759236,-0.007173427310779269,1.1084160696496137,1.1253454924230748
2021-12-30,0.007446005704144299,0.011194876423998879,1.11666934202679,1.1379435961450552
2021-12-31,-0.004589666790177472,-0.004680668860116635,1.1115442018320802,1.1326172589900099
2022-01-03,0.017620692978958585,0.01816904762482645,1.131130380945105,1.1531958359092997
2022-01-04,-0.00728113619734448,-0.008645389962488053,1.1228944665844895,1.1432260082047465
2022-01-05,-0.03298684411236372,-0.029356920724271603,1.0858537218606312,1.1096644129119542
2022-01-06,-0.0008450254742179078,-0.0002524366933127564,1.0849361478043846,1.1093842928968718
2022-01-07,-0.010135299273367815,-0.010051468403041558,1.0739399952538924,1.0982333517299883
2022-01-10,-0.0029676000115338758,-0.003423600288411726,1.0707529709115904,1.094473439710262
2022-01-11,0.018740116450299594,0.01584804060019647,1.090819006275978,1.1118186992186267
2022-01-12,0.007405379969300455,0.008678931624756902,1.098896935495186,1.1214680976882714
2022-01-13,-0.01889512553096899,-0.020298128546456448,1.0781331399534075,1.098704394080645
2022-01-14,0.007074681711371644,0.006965779481275717,1.0857605887610595,1.1063577266049192
2022-01-18,-0.022235255363974315,-0.02219799376640104,1.0616184248058183,1.0817988046863334
2022-01-19,-0.015053871864349493,-0.015395501633626369,1.0456369570699589,1.06514396942153
2022-01-20,-0.011087156452922124,-0.010886079174068553,1.0340438165339667,1.0535487278386255
2022-01-21,-0.03838090734106756,-0.037145255416940665,0.9943562766249726,1.0144143912488668
2022-01-24,-0.005475576333636148,-0.005199520504876744,0.9889116029294823,1.0091399228211262
2022-01-25,-0.02375274133648926,-0.023839137044675912,0.9654222414204453,0.9850828979037397
2022-01-26,-0.006754814647530424,-0.006438827162496733,0.9589009931230468,0.9787401193834061
2022-01-27,-0.0184088913783755,-0.01521260133986821,0.9412486888980282,0.9638509361318913
2022-01-28,0.02228009012676394,0.022644348066490905,0.9622197945183746,0.9856767122138749
2022-01-31,0.050551397274306756,0.05211300623913005,1.0108613496162748,1.0370432888672416
2022-02-01,0.012770888744808797,0.012625685236292804,1.0237709474486516,1.050136671008889
2022-02-02,-0.00850983534545931,-0.009329285067512334,1.0150588252543986,1.0403396466451988
2022-02-03,-0.03704548991936803,-0.03390955290160813,0.9774554737758712,1.0050621943616431
2022-02-04,0.014462773578053525,0.015547287541309136,0.9915921909757207,1.0206881852942828
2022-02-07,-0.005799738533881244,-0.004117666023869412,0.985841215535823,1.0164853322327316
2022-02-08,0.008114332998250932,0.009569551495301181,0.9938406594420812,1.026212640963751
2022-02-09,0.02839548706504165,0.0305988104055395,1.0220612490319811,1.0576135270003688
2022-02-10,-0.015964877356518463,-0.016424471005645466,1.0057441665403355,1.0402427842909727
2022-02-11,-0.03214624325350239,-0.03229591517611386,0.9734132699119389,1.006647191566947
2022-02-14,-0.001815474906508856,-0.0017139869139685866,0.971646062546751,1.004921811453618
2022-02-15,0.02957492053595591,0.030458702028539383,1.0003824176356455,1.0355304254706639
2022-02-16,-0.00478247465260218,-0.004044071658104853,0.9955981140803941,1.0313426662259126
2022-02-17,-0.02445075758063345,-0.025216805004432505,0.9712549859452786,1.0053354993189423
2022-02-18,-0.012782475051855355,-0.012320332425222557,0.9588399433184429,0.9929494317684558
2022-02-22,-0.021199436113411064,-0.02116500484253098,0.9385130771970769,0.971933652236688
2022-02-23,-0.024802532565619498,-0.02405569601233347,0.9152355760366366,0.9485531117543252
2022-02-24,0.033778295854964197,0.036228593654719934,0.9461506741009907,0.9829178569999929
2022-02-25,0.015260891375083463,0.01669528446900312,0.960589776762908,0.9993279502322707
2022-02-28,0.016958726559764745,0.019726175646846512,0.9768801561231357,1.0190408689073556
2022-03-01,-0.01737929517244624,-0.016396525546669486,0.9599026675417663,1.0023321392672158
2022-03-02,0.014595506062235817,0.016057679608124736,0.9739129327450285,1.0184272676204948
2022-03-03,-0.026616919573683607,-0.02481410164748159,0.9479903705423838,0.993155909881193
2022-03-04,-0.019759626406421017,-0.02017738542280092,0.9292584349835816,0.9731166203025876
2022-03-07,-0.039579341746545524,-0.038625092248356474,0.8924789978145063,0.9355299010749913
2022-03-08,-0.004964875464299204,-0.0024351945120595925,0.8880479507358547,0.9332517037940258
2022-03-09,0.03931769265794932,0.03966120019833421,0.9229639471284088,0.9702655864536373
2022-03-10,-0.01662240679255879,-0.01713920327926194,0.9076220649443747,0.9536360073325362
2022-03-11,-0.027514970933881604,-0.027635103793824407,0.8826488702084807,0.9272821772883733
2022-03-14,-0.02942805971533275,-0.03317297622861362,0.8566742265483145,0.896521467663969
2022-03-15,0.03276297928174429,0.03257794072626962,0.8847414264839213,0.9257282908973541
2022-03-16,0.05261246400248484,0.05350978171922907,0.9312898529363136,0.9752638096745866
2022-03-17,0.009862260681483532,0.009835348867542396,0.940474476235992,0.9848558694806246
2022-03-18,0.026837670869519777,0.026441062823090628,0.9657146206903975,1.0108965053972514
2022-03-21,-0.0062997088521002,-0.005891951808357525,0.9596308997458316,1.0049403519042137
2022-03-22,0.024082063504040473,0.024934845496228465,0.9827407920139501,1.0299983843118707
2022-03-23,-0.009528773845192576,-0.009342280698862823,0.9733764772584038,1.020375850286254
2022-03-24,0.0173045220664223,0.017383357627943644,0.9902202919880583,1.0381134086066972
2022-03-25,-0.01016509159164676,-0.010663910749807697,0.9801546120240924,1.0270430598691367
2022-03-28,0.012720226298778958,0.01328349700156102,0.9926224004968307,1.0406857832753824
2022-03-29,0.02349173419396842,0.023706855906248596,1.0159408220842812,1.0653571711831733
2022-03-30,-0.010279607782640098,-0.010237898859195597,1.0054973489028818,1.0544501522156813
2022-03-31,-0.01877274830272889,-0.018494926158269937,0.9866214002528668,1.0349481745128757
2022-04-01,0.007214278893129477,0.00953245466550217,0.9937391621962209,1.044813771067564
2022-04-04,0.025431159373884363,0.024951435678478556,1.0190111012061034,1.070883374672345
2022-04-05,-0.026705022455526924,-0.027104052046729676,0.9917983868659631,1.041858095949248
2022-04-06,-0.022174857914402733,-0.02527436073240414,0.9698053985574765,1.015525798600251
2022-04-07,-0.002148637579823464,-0.0018184320398247841,0.9677216382330203,1.0136791339508078
2022-04-08,-0.013644980546940853,-0.013713084215952699,0.9545170953044769,0.9997784666189863
2022-04-11,-0.016949532315834993,-0.01709295790852823,0.9383384769515968,0.982689295371215
2022-04-12,-0.004223763590822276,-0.0037811587093132407,0.934375157056781,0.9789735911834732
2022-04-13,0.022374080612089085,0.023543871718259703,0.9552809421427029,1.0020224198298608
2022-04-14,-0.0212661895665415,-0.02111746591688878,0.9349657565377918,0.9808622455311453
2022-04-18,-0.004691867168073808,-0.004787012020799002,0.9305790214014189,0.9761668461710398
2022-04-19,0.02451364217042812,0.024605178370914815,0.9533909025433606,1.0001856055408516
2022-04-20,-0.037655558369613255,-0.03429366007399573,0.9174904357635808,0.96588558037353
2022-04-21,-0.03087633809225007,-0.030883422441979398,0.8891616908725386,0.9360557279642379
2022-04-22,-0.021464793003263538,-0.02080819523167739,0.8700760192315278,0.9165780976290281
2022-04-25,0.009674027319268244,0.010804207478317035,0.8784931584114136,0.9264809975658932
2022-04-26,-0.039453359333873644,-0.038165531484158625,0.8438336521602585,0.8911213578838174
2022-04-27,-0.002159207201654156,-0.00017577599667124432,0.8420116404615159,0.8909647201389803
2022-04-28,0.032771622188113046,0.03398830448172612,0.869605727820714,0.9212471003295399
2022-04-29,-0.03781714592136053,-0.034593685269615156,0.8367197211176671,0.8893777680851943
2022-05-02,0.020038096896400775,0.019428226912848182,0.8534859919645523,0.9066568011747961
2022-05-03,0.006425976633554844,0.005878336495216446,0.858970473005983,0.9119864349377781
2022-05-04,0.03531584176770149,0.038145446789285074,0.88930573831379,0.9467745649642468
2022-05-05,-0.05637342019769955,-0.05517068838934976,0.8391725322436013,0.8945403604656421
2022-05-06,-0.01930514234793756,-0.02230451487101827,0.8229721870541594,0.8745880716929102
2022-05-09,-0.04905076567224512,-0.050916701383577456,0.7826047711521908,0.8300569320128836
2022-05-10,0.006740438001820008,0.0076758595629206295,0.7878798700920708,0.8364283324522432
2022-05-11,-0.034453527586164594,-0.032469172921670904,0.7607346292532698,0.8092701962892664
2022-05-12,0.0012150680935121003,0.0013209062562106952,0.7616589736289052,0.8103391663545099
2022-05-13,0.05168799463960376,0.052894835521155904,0.8010275985750422,0.8532019232751822
2022-05-16,-0.013995678044616149,-0.013464309742324864,0.7898166742005339,0.8417141483074578
2022-05-17,0.030964893268865996,0.03355464207871648,0.8142732632191242,0.8699575652865063
2022-05-18,-0.050220567157921364,-0.047799995406046576,0.7733799981187284,0.8283735976623557
2022-05-19,0.0057364750909772045,0.008707894145261911,0.7778164732137964,0.8355869872635293
2022-05-20,-0.003992641769960144,-0.004676217718456584,0.77471093067348,0.8316796005883759
2022-05-23,0.0129570194160302,0.010043984492705434,0.784748875244027,0.840032977599585
2022-05-24,-0.028279427841788718,-0.027287818813097622,0.7625566260526387,0.8171103099098206
2022-05-25,0.016000114852529473,0.016279981444676236,0.7747576196510384,0.830412850593406
2022-05-26,0.03555148252995357,0.037178402445984686,0.8023014016310108,0.861286273749085
2022-05-27,0.03363483444357937,0.03270903914992299,0.8292866764487214,0.889458120196435
2022-05-31,8.239824129916417e-06,-5.112603018304299e-05,0.8292935096250886,0.8894126457337352
2022-06-01,-0.006331124846637808,-0.004403858612334199,0.8240431488811458,0.8854957981939018
2022-06-02,0.04345696621862016,0.043674619869246645,0.8598535641647592,0.9241694905758355
2022-06-03,-0.023752655033424025,-0.022044100684112066,0.8394297590758936,0.9037970052763972
2022-06-06,0.007445954399686016,0.007534472674631475,0.8456801147837122,0.9106066391160659
2022-06-07,0.011233911938935769,0.01210719957860096,0.8551804107217015,0.9216315354334432
2022-06-08,-0.004737251397510577,-0.003143252721841289,0.8511292061258864,0.9187346146011574
2022-06-09,-0.029655761451349436,-0.029496352053333022,0.8258883214247407,0.8916352949652984
2022-06-10,-0.03221511702370929,-0.030071581658044327,0.7992822325015279,0.864822411383555
2022-06-13,-0.05669302782481858,-0.05768358521349985,0.7539685026544356,0.8149363541219673
2022-06-14,0.009440679939442692,0.013363383105344632,0.7610864779724169,0.8258266608285719
2022-06-15,0.03208461794654881,0.030916635577739392,0.7855056468424464,0.8513584427517904
2022-06-16,-0.04362601778497864,-0.042915930095366456,0.7512371635230967,0.8148216033365545
2022-06-17,0.019294360109620955,0.01898762356699047,0.7657318038838414,0.8302931292149607
2022-06-21,0.026558445056771015,0.02756718129067376,0.7860684499255126,0.8531819704324303
2022-06-22,0.00120063885085082,0.0011311418399595765,0.7870122342459213,0.8541470402562855
2022-06-23,0.01879111421398802,0.02008148451845379,0.8018010710274422,0.8712995808216752
2022-06-24,0.037704782391614865,0.03789512508855828,0.8320328059318957,0.9043175874265209
2022-06-27,-0.009913021742002872,-0.010063172981925902,0.8237848466366331,0.8952172831136499
2022-06-28,-0.03377789131895084,-0.03372739734816668,0.7959591316167424,0.8650239340931296
2022-06-29,-0.005937079164340676,-0.006150334954135373,0.7912334592407538,0.8597037471551129
2022-06-30,-0.008641923050538744,-0.009010528694115883,0.7843956805709836,0.8519573618729328
2022-07-01,0.00598488151695598,0.006555008381348152,0.7890901957816131,0.8575419495205612
2022-07-05,0.015452432670634479,0.014954489141686232,0.8012835589029862,0.8703660512932068
2022-07-06,-0.002256989397196088,-0.0008398302703816822,0.7994750704063947,0.8696350915370181
2022-07-07,0.02825123015372098,0.028689566640876928,0.822061224622608,0.8945845454489144
2022-07-08,-0.00015358036763186793,-0.00044764542213436516,0.8219349721575145,0.894184088772432
2022-07-11,-0.02890749736680639,-0.02913632553114361,0.7981748891141851,0.8681308500771894
2022-07-12,-0.008836564724231196,-0.007838801719461183,0.7911217650452715,0.861325744476887
2022-07-13,1.6942603106692085e-05,0.00024022572802571127,0.7911351687073458,0.8615326570809212
2022-07-14,0.0003087836155831199,0.0008934380803215702,0.7913794582851542,0.8623023831641979
2022-07-15,0.020693269780335775,0.018856026381900093,0.8077556869140649,0.8785619796503175
2022-07-18,-0.002970352678279236,-0.0026135496694099838,0.8053563676460443,0.8762658142788462
2022-07-19,0.02902504728419662,0.026786652667567013,0.8287318742975996,0.8997380422903964
2022-07-20,0.016643413308529975,0.015072511651911633,0.8425248014034874,0.9132993544164867
2022-07-21,0.011096120361986912,0.00970210601092951,0.8518735580078195,0.9221602815727489
2022-07-22,-0.025348123399258023,-0.023923939339653467,0.8302801619388722,0.9000985749349647
2022-07-25,-0.0027625789719871964,-0.002812937337965753,0.8279864474226418,0.8975666540456804
2022-07-26,-0.02432637841183088,-0.0242838450595835,0.8078445357827712,0.8757702844881863
2022-07-27,0.04596382210967448,0.04581532468927332,0.8449761583177631,0.9158939844252298
2022-07-28,0.014430067668151272,0.016596620082583616,0.8571692214602629,0.9310947289206591
2022-07-29,0.012917786046894095,0.012617167041470624,0.8682419500690693,0.9428425066468838
2022-08-01,0.007382311859519516,0.007466205595284391,0.8746515829139966,0.9498819626454827
2022-08-02,-0.00346533336820604,-0.0034943749092096014,0.8716206235981704,0.9465627189485036
2022-08-03,0.019855250840762215,0.02097534779037137,0.8889268697176935,0.966417201183848
2022-08-04,0.005391443781722316,0.004247997193150907,0.893719468961839,0.9705225387418897
2022-08-05,-0.0093300676527226,-0.008795249580900801,0.8853810058538697,0.9619865507897652
2022-08-08,0.0007684800075302517,0.0008286560901839283,0.8860614034559154,0.9627837068037522
2022-08-09,-0.014930442610489527,-0.01576789105713199,0.8728321145222472,0.947602638203289
2022-08-10,0.03367638737330951,0.03468102106217423,0.9022259469227631,0.9804664652573891
2022-08-11,0.00025098373284518426,0.000834717639138155,0.9024523909587917,0.9812848779105229
2022-08-12,0.018637577941355277,0.01880145285009585,0.9192719177336486,0.9997344592750698
2022-08-15,0.005624652067405073,0.005874491985870339,0.9244425024262365,1.0056073913440797
2022-08-16,-0.004023050691151512,-0.00392330818428613,0.9207234233779208,1.0016620836354408
2022-08-17,-0.012857435869271891,-0.013833718457453228,0.9088852810085027,0.9878053723809223
2022-08-18,0.002088770805577688,0.0022597811787719705,0.9107837340490925,0.9900375963697184
2022-08-19,-0.023568016980374,-0.02228021949838335,0.889318367539575,0.9679793414109493
2022-08-22,-0.0249702688359616,-0.02582076828828222,0.8671118488213533,0.9429853711285332
2022-08-23,-0.005337106739713879,-0.008418656342426301,0.862483980328923,0.9350467013530668
2022-08-24,0.008269521576269015,0.009486667760238668,0.8696163102134393,0.9439171787491105
2022-08-25,0.01904421364516041,0.01879909412980706,0.8861774690144603,0.961661966643157
2022-08-26,-0.03601491675514123,-0.035662909246216415,0.8542618612376227,0.927366303201224
2022-08-29,-0.009412138357449789,-0.009631562786504852,0.8462214304061616,0.9184343164258525
2022-08-30,-0.009640569320321016,-0.01025020542366192,0.8380633740459899,0.9090201760143469
2022-08-31,-0.00455936999650044,-0.0035354277659835143,0.8342423330431986,0.9058064008442266
2022-09-01,-0.009368119898147979,-0.00830014016249965,0.8264270508431392,0.8982880807571302
2022-09-02,-0.015663825015362468,-0.015852881662721252,0.8134820421307701,0.8840476261138545
2022-09-06,-0.0077639601863398675,-0.008365371640319638,0.8071661999433644,0.8766522391736697
2022-09-07,0.021532779469933264,0.021949138696640568,0.824546731722329,0.8958940007600131
2022-09-08,0.005989330109145881,0.007397701543410841,0.8294852142890313,0.902521557192168
2022-09-09,0.028217542431486473,0.02812783196261677,0.8528912485195228,0.9279075318955086
2022-09-12,0.01509699735837392,0.015825731944619215,0.8657673454454022,0.94259234776468
2022-09-13,-0.04775596745770708,-0.04595329951243282,0.8244217882703662,0.8992771192897225
2022-09-14,0.009493589735673512,0.009444102030218436,0.8322485104973554,0.9077699841577357
2022-09-15,-0.011727219992060127,-0.01254532875637028,0.8224885491266885,0.8963817112713118
2022-09-16,-0.012126023734270661,-0.01242807786008599,0.8125150334588124,0.8852414095712748
2022-09-19,0.013031365790187543,0.016325270546621973,0.8231032140698405,0.8996932150815988
2022-09-20,-0.0156680882208389,-0.014945463938858875,0.8102067602969383,0.8862468825795607
2022-09-21,-0.023235705890879227,-0.023540436721184825,0.7913810343038765,0.8653842439208493
2022-09-22,-0.016417025185437136,-0.018529694118594026,0.7783889119324325,0.8493489385859452
2022-09-23,-0.02379358853304317,-0.0225597892214694,0.759868246443229,0.8301878055559675
2022-09-26,-0.00648686154616108,-0.008918357137079525,0.7549390863352277,0.8227838942151711
2022-09-27,-0.002743558507827048,-0.0017020022932621556,0.7528678667820214,0.8213835141403577
2022-09-28,0.023039840427357447,0.022403853377259496,0.7702138222955642,0.8397856699576565
2022-09-29,-0.037430771024115767,-0.03664501100982612,0.74138412507361,0.809011714836164
